Date,Value
1871-01-01,8.5
1871-02-01,8.25
1871-03-01,8.13
1871-04-01,8.44
1871-05-01,8.63
1871-06-01,8.77
1871-07-01,8.77
1871-08-01,8.91
1871-09-01,8.7
1871-10-01,8.57
1871-11-01,8.57
1871-12-01,8.38
1872-01-01,8.43
1872-02-01,8.48
1872-03-01,8.41
1872-04-01,8.27
1872-05-01,8.32
1872-06-01,8.44
1872-07-01,8.61
1872-08-01,8.6
1872-09-01,8.59
1872-10-01,8.83
1872-11-01,8.62
1872-12-01,8.8
1873-01-01,8.85
1873-02-01,8.71
1873-03-01,8.76
1873-04-01,8.81
1873-05-01,9.06
1873-06-01,9.38
1873-07-01,9.44
1873-08-01,9.49
1873-09-01,9.54
1873-10-01,9.82
1873-11-01,10.19
1873-12-01,10.0
1874-01-01,9.85
1874-02-01,9.85
1874-03-01,9.85
1874-04-01,10.0
1874-05-01,10.09
1874-06-01,10.33
1874-07-01,10.25
1874-08-01,10.33
1874-09-01,10.33
1874-10-01,10.49
1874-11-01,10.59
1874-12-01,10.59
1875-01-01,10.39
1875-02-01,10.2
1875-03-01,10.01
1875-04-01,9.73
1875-05-01,9.79
1875-06-01,9.76
1875-07-01,9.56
1875-08-01,9.28
1875-09-01,9.16
1875-10-01,8.96
1875-11-01,8.84
1875-12-01,8.72
1876-01-01,8.62
1876-02-01,8.46
1876-03-01,8.3
1876-04-01,8.21
1876-05-01,8.34
1876-06-01,8.4
1876-07-01,8.22
1876-08-01,7.98
1876-09-01,7.73
1876-10-01,7.42
1876-11-01,7.19
1876-12-01,6.9
1877-01-01,6.82
1877-02-01,7.04
1877-03-01,7.42
1877-04-01,7.25
1877-05-01,7.16
1877-06-01,7.61
1877-07-01,7.59
1877-08-01,7.93
1877-09-01,8.06
1877-10-01,8.1
1877-11-01,8.31
1877-12-01,8.36
1878-01-01,8.63
1878-02-01,8.75
1878-03-01,8.96
1878-04-01,9.08
1878-05-01,9.41
1878-06-01,9.65
1878-07-01,9.56
1878-08-01,9.49
1878-09-01,9.52
1878-10-01,9.64
1878-11-01,9.78
1878-12-01,10.04
1879-01-01,10.1
1879-02-01,10.18
1879-03-01,10.48
1879-04-01,10.79
1879-05-01,10.98
1879-06-01,11.3
1879-07-01,11.36
1879-08-01,11.55
1879-09-01,11.34
1879-10-01,10.91
1879-11-01,10.52
1879-12-01,10.38
1880-01-01,10.32
1880-02-01,10.56
1880-03-01,10.7
1880-04-01,11.38
1880-05-01,11.97
1880-06-01,12.48
1880-07-01,12.75
1880-08-01,13.01
1880-09-01,13.14
1880-10-01,13.41
1880-11-01,13.52
1880-12-01,13.65
1881-01-01,13.66
1881-02-01,13.42
1881-03-01,13.3
1881-04-01,13.05
1881-05-01,13.07
1881-06-01,12.95
1881-07-01,12.7
1881-08-01,12.34
1881-09-01,11.77
1881-10-01,11.55
1881-11-01,11.56
1881-12-01,11.45
1882-01-01,11.43
1882-02-01,11.29
1882-03-01,11.27
1882-04-01,11.15
1882-05-01,11.03
1882-06-01,10.91
1882-07-01,10.98
1882-08-01,10.87
1882-09-01,11.14
1882-10-01,11.23
1882-11-01,11.31
1882-12-01,11.4
1883-01-01,11.33
1883-02-01,11.16
1883-03-01,11.2
1883-04-01,11.24
1883-05-01,11.28
1883-06-01,11.56
1883-07-01,11.72
1883-08-01,11.65
1883-09-01,11.69
1883-10-01,11.62
1883-11-01,11.68
1883-12-01,11.48
1884-01-01,11.26
1884-02-01,11.05
1884-03-01,10.83
1884-04-01,10.84
1884-05-01,10.85
1884-06-01,10.63
1884-07-01,10.52
1884-08-01,10.29
1884-09-01,10.17
1884-10-01,10.06
1884-11-01,10.05
1884-12-01,9.92
1885-01-01,9.81
1885-02-01,9.6
1885-03-01,9.71
1885-04-01,9.49
1885-05-01,9.6
1885-06-01,9.72
1885-07-01,9.5
1885-08-01,9.39
1885-09-01,9.39
1885-10-01,9.28
1885-11-01,9.06
1885-12-01,8.74
1886-01-01,9.12
1886-02-01,9.28
1886-03-01,9.56
1886-04-01,9.85
1886-05-01,10.27
1886-06-01,10.57
1886-07-01,10.62
1886-08-01,10.65
1886-09-01,10.82
1886-10-01,10.99
1886-11-01,11.17
1886-12-01,11.21
1887-01-01,11.02
1887-02-01,10.97
1887-03-01,11.05
1887-04-01,11.13
1887-05-01,11.21
1887-06-01,11.44
1887-07-01,11.65
1887-08-01,11.6
1887-09-01,11.82
1887-10-01,11.77
1887-11-01,11.71
1887-12-01,11.52
1888-01-01,11.13
1888-02-01,10.98
1888-03-01,10.72
1888-04-01,10.58
1888-05-01,10.42
1888-06-01,10.28
1888-07-01,9.88
1888-08-01,9.6
1888-09-01,9.33
1888-10-01,8.96
1888-11-01,8.58
1888-12-01,8.32
1889-01-01,8.73
1889-02-01,8.94
1889-03-01,9.17
1889-04-01,9.28
1889-05-01,9.63
1889-06-01,9.75
1889-07-01,9.86
1889-08-01,9.98
1889-09-01,9.96
1889-10-01,10.08
1889-11-01,10.19
1889-12-01,10.19
1890-01-01,10.41
1890-02-01,10.38
1890-03-01,10.35
1890-04-01,10.33
1890-05-01,10.16
1890-06-01,10.13
1890-07-01,10.11
1890-08-01,9.72
1890-09-01,9.58
1890-10-01,9.55
1890-11-01,9.75
1890-12-01,9.72
1891-01-01,9.99
1891-02-01,10.0
1891-03-01,10.03
1891-04-01,10.04
1891-05-01,10.3
1891-06-01,10.7
1891-07-01,10.97
1891-08-01,11.11
1891-09-01,11.4
1891-10-01,11.55
1891-11-01,11.83
1891-12-01,11.98
1892-01-01,12.38
1892-02-01,12.47
1892-03-01,12.89
1892-04-01,13.17
1892-05-01,13.26
1892-06-01,13.36
1892-07-01,13.1
1892-08-01,13.01
1892-09-01,13.1
1892-10-01,13.19
1892-11-01,12.94
1892-12-01,12.88
1893-01-01,12.1
1893-02-01,11.66
1893-03-01,11.63
1893-04-01,11.45
1893-05-01,11.28
1893-06-01,11.24
1893-07-01,11.2
1893-08-01,11.31
1893-09-01,10.53
1893-10-01,10.06
1893-11-01,9.99
1893-12-01,9.78
1894-01-01,9.73
1894-02-01,9.53
1894-03-01,9.47
1894-04-01,9.14
1894-05-01,8.8
1894-06-01,8.47
1894-07-01,8.13
1894-08-01,7.57
1894-09-01,7.15
1894-10-01,7.03
1894-11-01,6.69
1894-12-01,6.45
1895-01-01,6.75
1895-02-01,7.06
1895-03-01,7.36
1895-04-01,7.35
1895-05-01,7.53
1895-06-01,7.71
1895-07-01,8.1
1895-08-01,8.51
1895-09-01,8.8
1895-10-01,9.09
1895-11-01,9.38
1895-12-01,9.8
1896-01-01,9.81
1896-02-01,9.81
1896-03-01,9.68
1896-04-01,9.69
1896-05-01,9.7
1896-06-01,9.7
1896-07-01,9.56
1896-08-01,9.42
1896-09-01,9.28
1896-10-01,8.87
1896-11-01,8.48
1896-12-01,8.35
1897-01-01,8.94
1897-02-01,9.28
1897-03-01,9.62
1897-04-01,10.12
1897-05-01,10.62
1897-06-01,10.97
1897-07-01,11.32
1897-08-01,11.16
1897-09-01,11.17
1897-10-01,11.66
1897-11-01,12.0
1897-12-01,12.33
1898-01-01,12.46
1898-02-01,12.41
1898-03-01,12.54
1898-04-01,12.67
1898-05-01,11.97
1898-06-01,12.93
1898-07-01,13.26
1898-08-01,13.39
1898-09-01,13.52
1898-10-01,13.65
1898-11-01,13.79
1898-12-01,13.71
1899-01-01,14.14
1899-02-01,14.17
1899-03-01,14.58
1899-04-01,14.8
1899-05-01,15.21
1899-06-01,15.4
1899-07-01,15.6
1899-08-01,15.78
1899-09-01,15.58
1899-10-01,15.74
1899-11-01,15.93
1899-12-01,16.09
1900-01-01,16.09
1900-02-01,15.91
1900-03-01,15.91
1900-04-01,15.91
1900-05-01,16.3
1900-06-01,16.49
1900-07-01,16.3
1900-08-01,16.49
1900-09-01,16.3
1900-10-01,16.49
1900-11-01,16.49
1900-12-01,16.71
1901-01-01,16.55
1901-02-01,16.82
1901-03-01,16.88
1901-04-01,17.14
1901-05-01,17.2
1901-06-01,17.26
1901-07-01,17.11
1901-08-01,16.95
1901-09-01,16.81
1901-10-01,16.87
1901-11-01,16.71
1901-12-01,16.58
1902-01-01,17.13
1902-02-01,17.49
1902-03-01,17.85
1902-04-01,18.01
1902-05-01,18.15
1902-06-01,18.3
1902-07-01,18.65
1902-08-01,19.21
1902-09-01,19.35
1902-10-01,18.41
1902-11-01,19.36
1902-12-01,19.49
1903-01-01,19.02
1903-02-01,18.76
1903-03-01,19.15
1903-04-01,18.88
1903-05-01,19.05
1903-06-01,18.78
1903-07-01,18.51
1903-08-01,18.24
1903-09-01,17.75
1903-10-01,17.7
1903-11-01,17.62
1903-12-01,17.35
1904-01-01,16.85
1904-02-01,16.36
1904-03-01,16.46
1904-04-01,16.53
1904-05-01,16.81
1904-06-01,16.7
1904-07-01,16.59
1904-08-01,16.3
1904-09-01,15.99
1904-10-01,15.89
1904-11-01,15.43
1904-12-01,15.32
1905-01-01,15.79
1905-02-01,16.26
1905-03-01,16.93
1905-04-01,17.41
1905-05-01,18.07
1905-06-01,18.55
1905-07-01,19.03
1905-08-01,19.3
1905-09-01,19.99
1905-10-01,20.47
1905-11-01,20.73
1905-12-01,20.95
1906-01-01,21.19
1906-02-01,21.42
1906-03-01,21.66
1906-04-01,21.89
1906-05-01,21.89
1906-06-01,22.12
1906-07-01,23.11
1906-08-01,22.83
1906-09-01,22.82
1906-10-01,22.55
1906-11-01,22.52
1906-12-01,22.52
1907-01-01,22.5
1907-02-01,21.78
1907-03-01,21.78
1907-04-01,21.53
1907-05-01,20.84
1907-06-01,20.38
1907-07-01,20.14
1907-08-01,19.9
1907-09-01,19.66
1907-10-01,19.23
1907-11-01,19.8
1907-12-01,19.98
1908-01-01,19.98
1908-02-01,20.01
1908-03-01,19.8
1908-04-01,19.37
1908-05-01,19.17
1908-06-01,18.96
1908-07-01,18.57
1908-08-01,18.37
1908-09-01,18.16
1908-10-01,17.76
1908-11-01,17.38
1908-12-01,16.99
1909-01-01,17.63
1909-02-01,17.87
1909-03-01,18.31
1909-04-01,18.37
1909-05-01,18.62
1909-06-01,18.84
1909-07-01,19.26
1909-08-01,19.5
1909-09-01,19.71
1909-10-01,19.73
1909-11-01,19.93
1909-12-01,20.15
1910-01-01,20.27
1910-02-01,20.2
1910-03-01,19.75
1910-04-01,19.51
1910-05-01,19.82
1910-06-01,19.93
1910-07-01,19.87
1910-08-01,20.0
1910-09-01,20.14
1910-10-01,20.67
1910-11-01,21.02
1910-12-01,20.95
1911-01-01,20.61
1911-02-01,20.94
1911-03-01,20.36
1911-04-01,20.68
1911-05-01,20.33
1911-06-01,19.98
1911-07-01,19.4
1911-08-01,18.47
1911-09-01,17.94
1911-10-01,17.6
1911-11-01,17.46
1911-12-01,17.29
1912-01-01,17.38
1912-02-01,17.46
1912-03-01,17.36
1912-04-01,17.11
1912-05-01,17.36
1912-06-01,17.78
1912-07-01,18.03
1912-08-01,18.11
1912-09-01,18.18
1912-10-01,18.43
1912-11-01,18.67
1912-12-01,19.11
1913-01-01,18.76
1913-02-01,18.6
1913-03-01,18.45
1913-04-01,18.29
1913-05-01,18.32
1913-06-01,17.97
1913-07-01,17.64
1913-08-01,17.48
1913-09-01,17.15
1913-10-01,17.0
1913-11-01,16.67
1913-12-01,16.69
1914-01-01,16.44
1914-02-01,16.37
1914-03-01,16.12
1914-04-01,16.04
1914-05-01,15.63
1914-06-01,15.38
1914-07-01,14.99
1914-08-01,14.46
1914-09-01,14.22
1914-10-01,14.12
1914-11-01,13.74
1914-12-01,13.64
1915-01-01,14.42
1915-02-01,15.36
1915-03-01,16.32
1915-04-01,16.95
1915-05-01,17.57
1915-06-01,18.36
1915-07-01,19.14
1915-08-01,19.93
1915-09-01,20.72
1915-10-01,21.29
1915-11-01,21.86
1915-12-01,22.63
1916-01-01,23.79
1916-02-01,25.17
1916-03-01,26.29
1916-04-01,27.41
1916-05-01,28.49
1916-06-01,29.55
1916-07-01,30.88
1916-08-01,31.91
1916-09-01,32.64
1916-10-01,33.33
1916-11-01,34.0
1916-12-01,34.94
1917-01-01,34.16
1917-02-01,32.84
1917-03-01,32.4
1917-04-01,30.42
1917-05-01,29.51
1917-06-01,28.63
1917-07-01,28.64
1917-08-01,27.77
1917-09-01,26.75
1917-10-01,25.94
1917-11-01,25.53
1917-12-01,24.75
1918-01-01,23.76
1918-02-01,23.14
1918-03-01,22.86
1918-04-01,22.07
1918-05-01,21.17
1918-06-01,20.45
1918-07-01,19.49
1918-08-01,18.7
1918-09-01,17.93
1918-10-01,17.18
1918-11-01,16.48
1918-12-01,15.89
1919-01-01,15.81
1919-02-01,16.02
1919-03-01,15.75
1919-04-01,15.39
1919-05-01,15.12
1919-06-01,15.05
1919-07-01,14.54
1919-08-01,14.22
1919-09-01,14.06
1919-10-01,13.76
1919-11-01,13.39
1919-12-01,13.03
1920-01-01,12.62
1920-02-01,12.34
1920-03-01,12.07
1920-04-01,11.57
1920-05-01,11.26
1920-06-01,10.96
1920-07-01,10.88
1920-08-01,11.0
1920-09-01,11.03
1920-10-01,10.94
1920-11-01,10.85
1920-12-01,10.92
1921-01-01,10.56
1921-02-01,10.29
1921-03-01,9.73
1921-04-01,9.22
1921-05-01,8.79
1921-06-01,8.2
1921-07-01,7.52
1921-08-01,6.88
1921-09-01,6.32
1921-10-01,5.68
1921-11-01,5.06
1921-12-01,4.44
1922-01-01,5.07
1922-02-01,5.59
1922-03-01,6.19
1922-04-01,6.71
1922-05-01,7.24
1922-06-01,7.77
1922-07-01,8.25
1922-08-01,8.88
1922-09-01,9.41
1922-10-01,9.89
1922-11-01,10.35
1922-12-01,10.81
1923-01-01,11.26
1923-02-01,11.64
1923-03-01,12.02
1923-04-01,12.33
1923-05-01,12.71
1923-06-01,13.01
1923-07-01,13.23
1923-08-01,13.68
1923-09-01,13.98
1923-10-01,14.27
1923-11-01,14.63
1923-12-01,15.0
1924-01-01,14.94
1924-02-01,14.96
1924-03-01,14.99
1924-04-01,15.01
1924-05-01,14.95
1924-06-01,14.88
1924-07-01,14.73
1924-08-01,14.75
1924-09-01,14.6
1924-10-01,14.45
1924-11-01,14.39
1924-12-01,14.24
1925-01-01,14.65
1925-02-01,15.14
1925-03-01,15.46
1925-04-01,15.97
1925-05-01,16.28
1925-06-01,16.5
1925-07-01,16.72
1925-08-01,17.1
1925-09-01,17.51
1925-10-01,17.91
1925-11-01,18.0
1925-12-01,18.5
1926-01-01,18.48
1926-02-01,18.47
1926-03-01,18.57
1926-04-01,18.45
1926-05-01,18.54
1926-06-01,18.63
1926-07-01,18.83
1926-08-01,18.92
1926-09-01,18.8
1926-10-01,18.69
1926-11-01,18.57
1926-12-01,18.56
1927-01-01,18.6
1927-02-01,18.54
1927-03-01,18.5
1927-04-01,18.33
1927-05-01,18.05
1927-06-01,17.68
1927-07-01,17.82
1927-08-01,17.76
1927-09-01,17.5
1927-10-01,17.23
1927-11-01,17.16
1927-12-01,16.99
1928-01-01,17.35
1928-02-01,17.89
1928-03-01,18.23
1928-04-01,18.59
1928-05-01,18.82
1928-06-01,19.28
1928-07-01,19.64
1928-08-01,19.98
1928-09-01,20.09
1928-10-01,20.56
1928-11-01,20.9
1928-12-01,21.38
1929-01-01,21.67
1929-02-01,21.96
1929-03-01,22.41
1929-04-01,22.84
1929-05-01,23.0
1929-06-01,23.16
1929-07-01,23.18
1929-08-01,23.47
1929-09-01,23.76
1929-10-01,24.07
1929-11-01,24.36
1929-12-01,24.79
1930-01-01,24.12
1930-02-01,23.42
1930-03-01,22.73
1930-04-01,21.77
1930-05-01,21.05
1930-06-01,20.34
1930-07-01,19.74
1930-08-01,18.99
1930-09-01,18.03
1930-10-01,17.29
1930-11-01,16.52
1930-12-01,15.96
1931-01-01,15.66
1931-02-01,15.35
1931-03-01,14.94
1931-04-01,14.53
1931-05-01,14.2
1931-06-01,13.86
1931-07-01,13.33
1931-08-01,12.81
1931-09-01,12.36
1931-10-01,11.91
1931-11-01,11.53
1931-12-01,11.07
1932-01-01,10.99
1932-02-01,10.83
1932-03-01,10.6
1932-04-01,10.35
1932-05-01,10.18
1932-06-01,9.93
1932-07-01,9.61
1932-08-01,9.35
1932-09-01,9.09
1932-10-01,8.83
1932-11-01,8.56
1932-12-01,8.29
1933-01-01,8.47
1933-02-01,8.66
1933-03-01,8.78
1933-04-01,8.83
1933-05-01,8.88
1933-06-01,8.86
1933-07-01,8.64
1933-08-01,8.63
1933-09-01,8.68
1933-10-01,8.73
1933-11-01,8.78
1933-12-01,8.83
1934-01-01,8.91
1934-02-01,8.93
1934-03-01,9.01
1934-04-01,9.1
1934-05-01,9.18
1934-06-01,9.19
1934-07-01,9.27
1934-08-01,9.36
1934-09-01,9.3
1934-10-01,9.45
1934-11-01,9.53
1934-12-01,9.69
1935-01-01,11.1
1935-02-01,12.57
1935-03-01,14.11
1935-04-01,14.52
1935-05-01,15.04
1935-06-01,15.66
1935-07-01,15.34
1935-08-01,15.02
1935-09-01,14.69
1935-10-01,14.69
1935-11-01,14.59
1935-12-01,14.59
1936-01-01,14.78
1936-02-01,14.97
1936-03-01,15.27
1936-04-01,15.85
1936-05-01,16.43
1936-06-01,16.89
1936-07-01,17.15
1936-08-01,17.41
1936-09-01,17.78
1936-10-01,18.29
1936-11-01,18.79
1936-12-01,19.3
1937-01-01,19.72
1937-02-01,20.29
1937-03-01,20.71
1937-04-01,20.93
1937-05-01,21.15
1937-06-01,21.52
1937-07-01,21.68
1937-08-01,21.98
1937-09-01,22.13
1937-10-01,21.59
1937-11-01,21.19
1937-12-01,20.79
1938-01-01,20.08
1938-02-01,19.22
1938-03-01,18.22
1938-04-01,16.85
1938-05-01,15.72
1938-06-01,14.46
1938-07-01,13.53
1938-08-01,12.59
1938-09-01,11.65
1938-10-01,11.86
1938-11-01,11.98
1938-12-01,12.11
1939-01-01,12.55
1939-02-01,13.09
1939-03-01,13.53
1939-04-01,13.95
1939-05-01,14.27
1939-06-01,14.59
1939-07-01,14.91
1939-08-01,15.23
1939-09-01,15.22
1939-10-01,15.89
1939-11-01,16.46
1939-12-01,17.03
1940-01-01,17.72
1940-02-01,18.16
1940-03-01,18.73
1940-04-01,19.05
1940-05-01,19.36
1940-06-01,19.54
1940-07-01,19.93
1940-08-01,20.18
1940-09-01,20.43
1940-10-01,20.24
1940-11-01,20.05
1940-12-01,19.72
1941-01-01,19.79
1941-02-01,19.85
1941-03-01,19.77
1941-04-01,19.82
1941-05-01,19.87
1941-06-01,19.64
1941-07-01,20.24
1941-08-01,20.56
1941-09-01,20.87
1941-10-01,20.43
1941-11-01,20.12
1941-12-01,19.82
1942-01-01,18.9
1942-02-01,18.11
1942-03-01,17.22
1942-04-01,16.78
1942-05-01,16.25
1942-06-01,15.93
1942-07-01,15.61
1942-08-01,15.3
1942-09-01,15.09
1942-10-01,15.39
1942-11-01,15.77
1942-12-01,16.14
1943-01-01,16.35
1943-02-01,16.56
1943-03-01,16.48
1943-04-01,16.44
1943-05-01,16.5
1943-06-01,16.65
1943-07-01,16.64
1943-08-01,16.64
1943-09-01,16.44
1943-10-01,15.73
1943-11-01,15.02
1943-12-01,14.31
1944-01-01,14.26
1944-02-01,14.21
1944-03-01,14.16
1944-04-01,14.03
1944-05-01,13.98
1944-06-01,13.85
1944-07-01,13.67
1944-08-01,13.57
1944-09-01,13.47
1944-10-01,13.62
1944-11-01,13.77
1944-12-01,13.84
1945-01-01,13.99
1945-02-01,14.14
1945-03-01,14.29
1945-04-01,14.48
1945-05-01,14.6
1945-06-01,14.63
1945-07-01,14.59
1945-08-01,14.54
1945-09-01,14.49
1945-10-01,14.34
1945-11-01,14.2
1945-12-01,13.97
1946-01-01,13.68
1946-02-01,13.46
1946-03-01,13.03
1946-04-01,12.67
1946-05-01,12.31
1946-06-01,11.9
1946-07-01,11.46
1946-08-01,11.45
1946-09-01,11.56
1946-10-01,12.06
1946-11-01,12.48
1946-12-01,13.06
1947-01-01,13.92
1947-02-01,14.78
1947-03-01,15.36
1947-04-01,16.05
1947-05-01,16.73
1947-06-01,17.34
1947-07-01,17.62
1947-08-01,17.82
1947-09-01,17.85
1947-10-01,18.08
1947-11-01,18.23
1947-12-01,18.22
1948-01-01,18.37
1948-02-01,18.9
1948-03-01,19.36
1948-04-01,19.59
1948-05-01,20.06
1948-06-01,20.44
1948-07-01,20.95
1948-08-01,21.62
1948-09-01,22.38
1948-10-01,23.27
1948-11-01,24.26
1948-12-01,25.17
1949-01-01,25.6
1949-02-01,26.15
1949-03-01,26.49
1949-04-01,26.45
1949-05-01,26.64
1949-06-01,26.6
1949-07-01,26.79
1949-08-01,26.64
1949-09-01,26.49
1949-10-01,26.45
1949-11-01,26.08
1949-12-01,26.04
1950-01-01,26.34
1950-02-01,26.53
1950-03-01,26.6
1950-04-01,27.24
1950-05-01,27.75
1950-06-01,28.27
1950-07-01,28.58
1950-08-01,28.99
1950-09-01,29.53
1950-10-01,29.72
1950-11-01,30.03
1950-12-01,30.09
1951-01-01,29.58
1951-02-01,29.2
1951-03-01,29.05
1951-04-01,28.68
1951-05-01,28.19
1951-06-01,27.82
1951-07-01,27.1
1951-08-01,26.39
1951-09-01,25.47
1951-10-01,25.14
1951-11-01,24.72
1951-12-01,24.39
1952-01-01,24.26
1952-02-01,24.31
1952-03-01,24.17
1952-04-01,23.88
1952-05-01,23.68
1952-06-01,23.39
1952-07-01,23.28
1952-08-01,23.35
1952-09-01,23.41
1952-10-01,23.54
1952-11-01,23.68
1952-12-01,23.81
1953-01-01,24.0
1953-02-01,24.19
1953-03-01,24.2
1953-04-01,24.46
1953-05-01,24.64
1953-06-01,24.81
1953-07-01,24.94
1953-08-01,24.98
1953-09-01,25.11
1953-10-01,24.89
1953-11-01,24.85
1953-12-01,24.72
1954-01-01,24.85
1954-02-01,24.98
1954-03-01,25.11
1954-04-01,25.43
1954-05-01,25.57
1954-06-01,25.8
1954-07-01,25.83
1954-08-01,25.86
1954-09-01,25.99
1954-10-01,26.45
1954-11-01,26.92
1954-12-01,27.48
1955-01-01,28.11
1955-02-01,28.74
1955-03-01,29.36
1955-04-01,30.22
1955-05-01,31.08
1955-06-01,31.94
1955-07-01,32.55
1955-08-01,33.27
1955-09-01,33.87
1955-10-01,34.46
1955-11-01,35.05
1955-12-01,35.78
1956-01-01,36.01
1956-02-01,36.24
1956-03-01,36.47
1956-04-01,36.04
1956-05-01,35.61
1956-06-01,35.06
1956-07-01,34.35
1956-08-01,34.02
1956-09-01,33.45
1956-10-01,33.17
1956-11-01,33.01
1956-12-01,32.73
1957-01-01,32.69
1957-02-01,32.54
1957-03-01,32.4
1957-04-01,32.34
1957-05-01,32.29
1957-06-01,32.24
1957-07-01,32.17
1957-08-01,32.32
1957-09-01,32.48
1957-10-01,32.17
1957-11-01,31.74
1957-12-01,31.43
1958-01-01,30.5
1958-02-01,29.79
1958-03-01,28.88
1958-04-01,28.14
1958-05-01,27.5
1958-06-01,26.85
1958-07-01,26.61
1958-08-01,26.55
1958-09-01,26.4
1958-10-01,26.43
1958-11-01,26.37
1958-12-01,26.49
1959-01-01,27.07
1959-02-01,27.83
1959-03-01,28.5
1959-04-01,29.29
1959-05-01,30.17
1959-06-01,30.95
1959-07-01,30.93
1959-08-01,31.02
1959-09-01,31.01
1959-10-01,30.78
1959-11-01,30.66
1959-12-01,30.54
1960-01-01,30.65
1960-02-01,30.54
1960-03-01,30.54
1960-04-01,30.05
1960-05-01,29.66
1960-06-01,29.17
1960-07-01,29.2
1960-08-01,29.23
1960-09-01,29.26
1960-10-01,29.07
1960-11-01,29.07
1960-12-01,29.07
1961-01-01,28.53
1961-02-01,28.0
1961-03-01,27.47
1961-04-01,27.29
1961-05-01,27.11
1961-06-01,26.93
1961-07-01,26.81
1961-08-01,26.96
1961-09-01,26.93
1961-10-01,27.34
1961-11-01,27.75
1961-12-01,28.17
1962-01-01,28.7
1962-02-01,29.13
1962-03-01,29.66
1962-04-01,29.85
1962-05-01,30.14
1962-06-01,30.43
1962-07-01,30.51
1962-08-01,30.68
1962-09-01,30.76
1962-10-01,31.16
1962-11-01,31.57
1962-12-01,31.98
1963-01-01,32.09
1963-02-01,32.21
1963-03-01,32.22
1963-04-01,32.6
1963-05-01,32.97
1963-06-01,33.24
1963-07-01,33.48
1963-08-01,33.82
1963-09-01,34.17
1963-10-01,34.23
1963-11-01,34.4
1963-12-01,34.46
1964-01-01,34.92
1964-02-01,35.37
1964-03-01,35.83
1964-04-01,36.26
1964-05-01,36.69
1964-06-01,37.0
1964-07-01,37.28
1964-08-01,37.79
1964-09-01,38.07
1964-10-01,38.3
1964-11-01,38.4
1964-12-01,38.63
1965-01-01,39.0
1965-02-01,39.36
1965-03-01,39.6
1965-04-01,39.93
1965-05-01,40.38
1965-06-01,40.57
1965-07-01,40.96
1965-08-01,41.35
1965-09-01,41.74
1965-10-01,42.2
1965-11-01,42.78
1965-12-01,43.23
1966-01-01,43.65
1966-02-01,43.79
1966-03-01,44.06
1966-04-01,44.12
1966-05-01,44.45
1966-06-01,44.64
1966-07-01,44.64
1966-08-01,44.5
1966-09-01,44.63
1966-10-01,44.47
1966-11-01,44.58
1966-12-01,44.68
1967-01-01,44.41
1967-02-01,44.15
1967-03-01,43.74
1967-04-01,43.29
1967-05-01,42.84
1967-06-01,42.4
1967-07-01,42.19
1967-08-01,41.98
1967-09-01,41.78
1967-10-01,41.74
1967-11-01,41.69
1967-12-01,41.65
1968-01-01,41.69
1968-02-01,41.85
1968-03-01,42.01
1968-04-01,42.22
1968-05-01,42.43
1968-06-01,42.52
1968-07-01,42.5
1968-08-01,42.61
1968-09-01,42.71
1968-10-01,42.72
1968-11-01,42.85
1968-12-01,42.98
1969-01-01,43.01
1969-02-01,42.91
1969-03-01,42.7
1969-04-01,42.52
1969-05-01,42.45
1969-06-01,42.26
1969-07-01,42.15
1969-08-01,42.05
1969-09-01,42.05
1969-10-01,41.57
1969-11-01,41.09
1969-12-01,40.61
1970-01-01,40.15
1970-02-01,39.59
1970-03-01,39.04
1970-04-01,38.48
1970-05-01,38.13
1970-06-01,37.68
1970-07-01,37.13
1970-08-01,36.77
1970-09-01,36.22
1970-10-01,35.52
1970-11-01,34.83
1970-12-01,34.14
1971-01-01,34.34
1971-02-01,34.45
1971-03-01,34.57
1971-04-01,34.7
1971-05-01,34.75
1971-06-01,34.71
1971-07-01,34.86
1971-08-01,35.01
1971-09-01,35.25
1971-10-01,35.75
1971-11-01,36.33
1971-12-01,36.73
1972-01-01,36.97
1972-02-01,37.03
1972-03-01,37.17
1972-04-01,37.42
1972-05-01,37.67
1972-06-01,37.92
1972-07-01,38.1
1972-08-01,38.37
1972-09-01,38.63
1972-10-01,39.03
1972-11-01,39.52
1972-12-01,40.01
1973-01-01,40.71
1973-02-01,41.2
1973-03-01,41.6
1973-04-01,42.18
1973-05-01,42.76
1973-06-01,43.33
1973-07-01,44.15
1973-08-01,44.26
1973-09-01,45.06
1973-10-01,45.58
1973-11-01,46.19
1973-12-01,46.78
1974-01-01,46.76
1974-02-01,46.54
1974-03-01,46.33
1974-04-01,46.83
1974-05-01,46.94
1974-06-01,47.25
1974-07-01,47.52
1974-08-01,47.61
1974-09-01,47.69
1974-10-01,46.84
1974-11-01,46.1
1974-12-01,45.37
1975-01-01,44.45
1975-02-01,43.37
1975-03-01,42.47
1975-04-01,41.49
1975-05-01,40.45
1975-06-01,39.34
1975-07-01,38.57
1975-08-01,38.18
1975-09-01,37.65
1975-10-01,37.76
1975-11-01,37.81
1975-12-01,37.99
1976-01-01,39.03
1976-02-01,40.0
1976-03-01,41.03
1976-04-01,41.82
1976-05-01,42.44
1976-06-01,43.14
1976-07-01,43.37
1976-08-01,43.61
1976-09-01,43.92
1976-10-01,44.24
1976-11-01,44.71
1976-12-01,45.1
1977-01-01,45.13
1977-02-01,44.92
1977-03-01,44.87
1977-04-01,45.0
1977-05-01,45.27
1977-06-01,45.47
1977-07-01,45.67
1977-08-01,45.93
1977-09-01,46.2
1977-10-01,46.31
1977-11-01,46.34
1977-12-01,46.45
1978-01-01,46.19
1978-02-01,45.94
1978-03-01,45.62
1978-04-01,45.69
1978-05-01,45.69
1978-06-01,45.62
1978-07-01,45.73
1978-08-01,45.98
1978-09-01,46.08
1978-10-01,46.67
1978-11-01,47.46
1978-12-01,48.24
1979-01-01,49.07
1979-02-01,49.74
1979-03-01,50.47
1979-04-01,50.75
1979-05-01,50.95
1979-06-01,51.22
1979-07-01,51.44
1979-08-01,51.73
1979-09-01,51.95
1979-10-01,51.8
1979-11-01,51.59
1979-12-01,51.32
1980-01-01,51.08
1980-02-01,50.85
1980-03-01,50.56
1980-04-01,49.62
1980-05-01,48.76
1980-06-01,47.85
1980-07-01,47.53
1980-08-01,46.87
1980-09-01,46.16
1980-10-01,45.92
1980-11-01,45.73
1980-12-01,45.49
1981-01-01,44.88
1981-02-01,44.18
1981-03-01,43.64
1981-04-01,43.77
1981-05-01,43.85
1981-06-01,43.88
1981-07-01,43.65
1981-08-01,43.57
1981-09-01,43.4
1981-10-01,43.39
1981-11-01,43.34
1981-12-01,43.28
1982-01-01,42.63
1982-02-01,41.98
1982-03-01,41.51
1982-04-01,40.74
1982-05-01,39.77
1982-06-01,38.69
1982-07-01,37.94
1982-08-01,37.31
1982-09-01,36.69
1982-10-01,35.75
1982-11-01,34.99
1982-12-01,34.3
1983-01-01,34.04
1983-02-01,33.8
1983-03-01,33.6
1983-04-01,33.52
1983-05-01,33.47
1983-06-01,33.52
1983-07-01,34.01
1983-08-01,34.53
1983-09-01,34.98
1983-10-01,35.52
1983-11-01,36.08
1983-12-01,36.69
1984-01-01,37.54
1984-02-01,38.41
1984-03-01,39.4
1984-04-01,40.01
1984-05-01,40.7
1984-06-01,41.38
1984-07-01,41.53
1984-08-01,41.67
1984-09-01,41.77
1984-10-01,41.72
1984-11-01,41.79
1984-12-01,41.86
1985-01-01,41.57
1985-02-01,41.16
1985-03-01,40.8
1985-04-01,39.97
1985-05-01,39.18
1985-06-01,38.43
1985-07-01,38.04
1985-08-01,37.66
1985-09-01,37.25
1985-10-01,36.61
1985-11-01,36.01
1985-12-01,35.41
1986-01-01,35.24
1986-02-01,35.26
1986-03-01,35.35
1986-04-01,35.57
1986-05-01,35.63
1986-06-01,35.58
1986-07-01,35.7
1986-08-01,35.74
1986-09-01,35.69
1986-10-01,35.37
1986-11-01,35.04
1986-12-01,34.71
1987-01-01,34.98
1987-02-01,35.35
1987-03-01,35.68
1987-04-01,34.96
1987-05-01,34.3
1987-06-01,33.65
1987-07-01,34.68
1987-08-01,35.61
1987-09-01,36.53
1987-10-01,37.69
1987-11-01,38.91
1987-12-01,40.17
1988-01-01,40.9
1988-02-01,41.62
1988-03-01,42.27
1988-04-01,44.37
1988-05-01,46.54
1988-06-01,48.64
1988-07-01,49.23
1988-08-01,49.81
1988-09-01,50.26
1988-10-01,50.85
1988-11-01,51.56
1988-12-01,52.21
1989-01-01,52.83
1989-02-01,53.49
1989-03-01,54.06
1989-04-01,53.89
1989-05-01,53.77
1989-06-01,53.83
1989-07-01,52.61
1989-08-01,51.44
1989-09-01,50.2
1989-10-01,49.38
1989-11-01,48.69
1989-12-01,48.04
1990-01-01,46.72
1990-02-01,45.67
1990-03-01,44.6
1990-04-01,44.25
1990-05-01,43.87
1990-06-01,43.35
1990-07-01,43.51
1990-08-01,43.43
1990-09-01,43.39
1990-10-01,42.87
1990-11-01,42.51
1990-12-01,42.25
1991-01-01,41.73
1991-02-01,41.41
1991-03-01,41.09
1991-04-01,40.03
1991-05-01,38.91
1991-06-01,37.8
1991-07-01,36.72
1991-08-01,35.58
1991-09-01,34.4
1991-10-01,33.16
1991-11-01,31.88
1991-12-01,30.68
1992-01-01,30.77
1992-02-01,30.8
1992-03-01,30.79
1992-04-01,31.29
1992-05-01,31.78
1992-06-01,32.21
1992-07-01,32.77
1992-08-01,33.29
1992-09-01,33.82
1992-10-01,34.35
1992-11-01,34.96
1992-12-01,35.63
1993-01-01,35.92
1993-02-01,36.26
1993-03-01,36.6
1993-04-01,36.18
1993-05-01,35.82
1993-06-01,35.46
1993-07-01,36.12
1993-08-01,36.68
1993-09-01,37.26
1993-10-01,38.0
1993-11-01,38.87
1993-12-01,39.77
1994-01-01,40.15
1994-02-01,40.51
1994-03-01,40.87
1994-04-01,42.3
1994-05-01,43.76
1994-06-01,45.1
1994-07-01,46.25
1994-08-01,47.32
1994-09-01,48.45
1994-10-01,50.35
1994-11-01,52.21
1994-12-01,54.14
1995-01-01,55.07
1995-02-01,55.99
1995-03-01,56.95
1995-04-01,57.85
1995-05-01,58.83
1995-06-01,59.8
1995-07-01,60.24
1995-08-01,60.51
1995-09-01,60.82
1995-10-01,59.93
1995-11-01,59.26
1995-12-01,58.6
1996-01-01,58.3
1996-02-01,58.16
1996-03-01,57.91
1996-04-01,58.18
1996-05-01,58.56
1996-06-01,59.01
1996-07-01,59.51
1996-08-01,60.01
1996-09-01,60.43
1996-10-01,61.76
1996-11-01,63.16
1996-12-01,64.68
1997-01-01,65.32
1997-02-01,65.95
1997-03-01,66.62
1997-04-01,66.7
1997-05-01,66.92
1997-06-01,67.0
1997-07-01,66.97
1997-08-01,66.89
1997-09-01,66.78
1997-10-01,66.11
1997-11-01,65.65
1997-12-01,65.23
1998-01-01,65.01
1998-02-01,64.79
1998-03-01,64.57
1998-04-01,64.14
1998-05-01,63.71
1998-06-01,63.33
1998-07-01,62.77
1998-08-01,62.22
1998-09-01,61.67
1998-10-01,61.31
1998-11-01,61.11
1998-12-01,60.94
1999-01-01,61.15
1999-02-01,61.44
1999-03-01,61.61
1999-04-01,62.57
1999-05-01,63.97
1999-06-01,65.37
1999-07-01,66.74
1999-08-01,68.13
1999-09-01,69.35
1999-10-01,71.44
1999-11-01,73.6
1999-12-01,75.81
2000-01-01,77.04
2000-02-01,78.03
2000-03-01,78.83
2000-04-01,79.28
2000-05-01,79.69
2000-06-01,79.77
2000-07-01,80.5
2000-08-01,81.4
2000-09-01,81.89
2000-10-01,79.87
2000-11-01,77.95
2000-12-01,76.11
2001-01-01,73.34
2001-02-01,70.75
2001-03-01,68.31
2001-04-01,63.72
2001-05-01,59.14
2001-06-01,54.75
2001-07-01,50.68
2001-08-01,46.46
2001-09-01,42.06
2001-10-01,40.4
2001-11-01,38.67
2001-12-01,37.01
2002-01-01,36.93
2002-02-01,36.79
2002-03-01,36.59
2002-04-01,37.39
2002-05-01,38.39
2002-06-01,39.37
2002-07-01,40.94
2002-08-01,42.42
2002-09-01,43.96
2002-10-01,42.69
2002-11-01,41.5
2002-12-01,40.4
2003-01-01,41.55
2003-02-01,42.55
2003-03-01,43.6
2003-04-01,45.73
2003-05-01,47.84
2003-06-01,49.82
2003-07-01,51.7
2003-08-01,53.43
2003-09-01,55.18
2003-10-01,60.09
2003-11-01,65.11
2003-12-01,70.05
2004-01-01,71.26
2004-02-01,72.43
2004-03-01,73.5
2004-04-01,75.21
2004-05-01,76.71
2004-06-01,78.4
2004-07-01,79.28
2004-08-01,79.99
2004-09-01,80.58
2004-10-01,80.52
2004-11-01,80.84
2004-12-01,81.5
2005-01-01,82.1
2005-02-01,82.4
2005-03-01,82.52
2005-04-01,83.35
2005-05-01,84.81
2005-06-01,86.15
2005-07-01,87.2
2005-08-01,88.2
2005-09-01,88.56
2005-10-01,89.87
2005-11-01,92.1
2005-12-01,93.99
2006-01-01,94.54
2006-02-01,95.61
2006-03-01,96.34
2006-04-01,96.32
2006-05-01,96.64
2006-06-01,97.24
2006-07-01,98.73
2006-08-01,100.3
2006-09-01,102.57
2006-10-01,104.42
2006-11-01,105.86
2006-12-01,106.99
2007-01-01,107.38
2007-02-01,107.52
2007-03-01,107.25
2007-04-01,107.32
2007-05-01,107.42
2007-06-01,107.96
2007-07-01,105.31
2007-08-01,102.82
2007-09-01,99.86
2007-10-01,94.4
2007-11-01,88.62
2007-12-01,83.46
2008-01-01,80.63
2008-02-01,77.98
2008-03-01,74.91
2008-04-01,70.75
2008-05-01,66.49
2008-06-01,62.18
2008-07-01,59.68
2008-08-01,57.74
2008-09-01,55.63
2008-10-01,43.53
2008-11-01,31.47
2008-12-01,18.75
2009-01-01,15.31
2009-02-01,11.9
2009-03-01,8.54
2009-04-01,8.79
2009-05-01,9.03
2009-06-01,9.22
2009-07-01,11.3
2009-08-01,13.33
2009-09-01,15.38
2009-10-01,31.06
2009-11-01,46.72
2009-12-01,62.52
2010-01-01,66.36
2010-02-01,70.4
2010-03-01,74.16
2010-04-01,76.53
2010-05-01,78.97
2010-06-01,81.54
2010-07-01,83.45
2010-08-01,85.26
2010-09-01,87.14
2010-10-01,89.24
2010-11-01,91.42
2010-12-01,93.48
2011-01-01,94.62
2011-02-01,95.74
2011-03-01,96.38
2011-04-01,96.77
2011-05-01,97.31
2011-06-01,98.42
2011-07-01,99.55
2011-08-01,100.49
2011-09-01,101.54
2011-10-01,101.74
2011-11-01,101.82
2011-12-01,102.06
2012-01-01,102.23
2012-02-01,102.4
2012-03-01,102.24
2012-04-01,101.69
2012-05-01,101.57
2012-06-01,101.48
2012-07-01,101.1
2012-08-01,100.0
2012-09-01,99.01
2012-10-01,99.05
2012-11-01,99.53
2012-12-01,99.8
2013-01-01,99.96
2013-02-01,99.6
2013-03-01,99.8
2013-04-01,101.13
2013-05-01,102.19
2013-06-01,103.17
2013-07-01,104.42
2013-08-01,105.59
2013-09-01,106.75
2013-10-01,109.23
2013-11-01,111.67
2013-12-01,113.88
2014-01-01,113.71
2014-02-01,113.53
2014-03-01,113.05
2014-04-01,113.52
2014-05-01,113.97
2014-06-01,114.6
2014-07-01,115.7
2014-08-01,116.95
2014-09-01,117.91
2014-10-01,116.85
2014-11-01,116.12
2014-12-01,115.41
2015-01-01,114.8
2015-02-01,113.15
2015-03-01,111.34
2015-04-01,109.49
2015-05-01,107.33
2015-06-01,105.35
2015-07-01,103.77
2015-08-01,102.34
2015-09-01,100.92
2015-10-01,99.43
2015-11-01,98.11
2015-12-01,96.9
2016-01-01,96.71
2016-02-01,96.6
2016-03-01,96.15
2016-04-01,95.87
2016-05-01,95.66
2016-06-01,95.52
2016-07-01,96.48
2016-08-01,97.18
2016-09-01,97.74
2016-10-01,99.62
2016-11-01,101.77
2016-12-01,103.73
2017-01-01,105.22
2017-02-01,106.97
2017-03-01,108.96
2017-04-01,109.98
2017-05-01,111.24
2017-06-01,112.48
2017-07-01,113.66
2017-08-01,114.42
2017-09-01,114.91
2017-10-01,115.99
2017-11-01,116.99
2017-12-01,118.06
2018-01-01,119.4
2018-02-01,120.83
2018-03-01,122.53
2018-04-01,124.52
2018-05-01,126.48
2018-06-01,128.74
2018-07-01,131.51
2018-08-01,134.2
2018-09-01,136.81
2018-10-01,137.27
2018-11-01,138.43
2018-12-01,139.58
2019-01-01,140.02
2019-02-01,140.12
2019-03-01,140.03
2019-04-01,139.6
2019-05-01,139.61
2019-06-01,139.88
2019-07-01,138.83
2019-08-01,138.02
2019-09-01,137.1
2019-10-01,139.04
2019-11-01,141.37
2019-12-01,143.76
2020-01-01,135.28
2020-02-01,127.02
2020-03-01,119.38
2020-04-01,114.29
2020-05-01,108.4
2020-06-01,101.96
2020-07-01,101.1
2020-08-01,100.44
2020-09-01,99.95
2020-10-01,98.53
2020-11-01,97.2
2020-12-01,95.72
